company_id,cluster_id,cluster_name,distance_from_centroid
TATASTEEL,3,Value Cyclicals,1.559
BOSCHLTD,4,Defensive Dividend Payers,1.068
GODREJCP,3,Value Cyclicals,1.557
SBIN,3,Value Cyclicals,2.935
DMART,3,Value Cyclicals,1.37
SHRIRAMFIN,1,Leveraged Growth,0.858
DLF,4,Defensive Dividend Payers,1.974
SHREECEM,3,Value Cyclicals,0.693
EICHERMOT,3,Value Cyclicals,1.159
DRREDDY,4,Defensive Dividend Payers,0.762
SBILIFE,3,Value Cyclicals,2.241
GAIL,3,Value Cyclicals,0.377
SUNPHARMA,3,Value Cyclicals,1.471
CIPLA,0,High-Margin Debt-Free,2.822
LODHA,4,Defensive Dividend Payers,1.605
ABB,2,Premium Compounders,0.871
ADANIENT,3,Value Cyclicals,1.502
LICI,4,Defensive Dividend Payers,2.945
DIVISLAB,3,Value Cyclicals,1.034
DABUR,4,Defensive Dividend Payers,0.71
SIEMENS,3,Value Cyclicals,1.848
COALINDIA,2,Premium Compounders,2.109
TATAPOWER,3,Value Cyclicals,1.188
BPCL,2,Premium Compounders,1.371
BRITANNIA,2,Premium Compounders,1.861
CHOLAFIN,1,Leveraged Growth,0.962
BAJAJFINSV,1,Leveraged Growth,0.705
TVSMOTOR,1,Leveraged Growth,1.878
AXISBANK,1,Leveraged Growth,0.75
TRENT,2,Premium Compounders,3.288
NTPC,3,Value Cyclicals,0.834
ONGC,3,Value Cyclicals,0.7
ICICIBANK,1,Leveraged Growth,1.015
ICICIGI,0,High-Margin Debt-Free,0.661
BAJAJHLDNG,0,High-Margin Debt-Free,2.562
HEROMOTOCO,0,High-Margin Debt-Free,1.793
PFC,1,Leveraged Growth,1.204
PIDILITIND,3,Value Cyclicals,0.805
BAJFINANCE,1,Leveraged Growth,1.165
TORNTPHARM,3,Value Cyclicals,1.295
HINDALCO,0,High-Margin Debt-Free,0.741
HINDUNILVR,0,High-Margin Debt-Free,0.858
POWERGRID,0,High-Margin Debt-Free,1.483
HAL,2,Premium Compounders,1.016
BHEL,3,Value Cyclicals,2.644
TECHM,3,Value Cyclicals,0.753
TCS,2,Premium Compounders,1.029
RELIANCE,3,Value Cyclicals,0.392
RECLTD,1,Leveraged Growth,1.219
BEL,2,Premium Compounders,0.824
HDFCBANK,1,Leveraged Growth,1.168
PNB,1,Leveraged Growth,2.383
HAVELLS,4,Defensive Dividend Payers,1.24
HCLTECH,3,Value Cyclicals,0.918
TITAN,2,Premium Compounders,1.573
BANKBARODA,1,Leveraged Growth,0.481
BHARTIARTL,0,High-Margin Debt-Free,1.311
HDFCLIFE,0,High-Margin Debt-Free,1.757
GRASIM,3,Value Cyclicals,1.004
CANBK,1,Leveraged Growth,0.316
TATACONSUM,4,Defensive Dividend Payers,1.593
TATAMOTORS,2,Premium Compounders,1.399
IOC,3,Value Cyclicals,0.975
APOLLOHOSP,3,Value Cyclicals,0.488
ASIANPAINT,2,Premium Compounders,0.991
INDUSINDBK,1,Leveraged Growth,0.644
ICICIPRULI,4,Defensive Dividend Payers,2.647
NESTLEIND,2,Premium Compounders,1.2
NHPC,4,Defensive Dividend Payers,1.672
INFY,2,Premium Compounders,1.225
MOTHERSON,3,Value Cyclicals,0.929
IRCTC,2,Premium Compounders,1.042
IRFC,1,Leveraged Growth,1.102
JINDALSTEL,3,Value Cyclicals,1.427
AMBUJACEM,3,Value Cyclicals,1.013
MARUTI,3,Value Cyclicals,0.513
M&M,3,Value Cyclicals,1.072
ITC,2,Premium Compounders,1.391
ADANIPOWER,2,Premium Compounders,0.873
ADANIPORTS,0,High-Margin Debt-Free,1.205
ADANIGREEN,1,Leveraged Growth,2.64
JIOFIN,0,High-Margin Debt-Free,1.737
LTIM,3,Value Cyclicals,2.706
JSWENERGY,0,High-Margin Debt-Free,1.507
ATGL,3,Value Cyclicals,1.39
BAJAJ-AUTO,3,Value Cyclicals,1.217
NAUKRI,3,Value Cyclicals,1.367
LT,2,Premium Compounders,1.126
JSWSTEEL,3,Value Cyclicals,0.686
KOTAKBANK,1,Leveraged Growth,1.274
ADANIENSOL,1,Leveraged Growth,1.473
INDIGO,2,Premium Compounders,2.991
