kpi,P10,P25,P50,P75,P90,Mean,Std
return_on_equity_pct,8.39,11.61,15.8,25.93,47.97,122.63,633.75
return_on_capital_employed_pct,8.39,11.61,15.8,25.93,47.97,122.63,633.75
net_profit_margin_pct,4.6,7.24,13.84,20.02,28.96,19.32,43.41
operating_profit_margin_pct,9.73,16.01,24.67,37.26,83.74,33.23,26.94
debt_to_equity,0.01,0.06,0.44,1.64,6.58,1.79,3.08
interest_coverage,1.61,3.18,11.36,58.09,192.29,126.17,485.93
pe_ratio,15.74,29.88,46.18,59.09,69.98,44.07,20.07
pb_ratio,2.77,4.46,7.54,9.98,12.38,7.49,3.64
dividend_yield_pct,0.52,1.16,2.18,3.42,4.2,2.29,1.31
revenue_cagr_5yr,5.77,8.44,11.83,17.37,21.94,13.4,8.54
