company_id,company_name,sector,sub_sector,P/E,P/B,market_cap_crore,fcf_yield_pct,sector_median_pe,pe_vs_sector_median_pct,pe_flag
SHRIRAMFIN,"Shriram Finance Ltd
",Financials,Consumer Finance,68.53,7.91,868933.47,-3.608906905151208,34.24,100.14602803738318,Caution
HAL,Hindustan Aeronautics Ltd,Industrials,Defence & Aerospace,71.89,3.65,2643616.86,0.06861811283803056,47.155,52.454670766620715,Caution
GAIL,GAIL (India) Ltd,Energy,Gas Distribution,25.84,9.54,1531867.57,0.28461990353382827,44.915,-42.46910831570745,Discount
EICHERMOT,Eicher Motors Ltd,Consumer Discretionary,Two Wheelers,15.62,13.61,222391.83,0.4001945575069012,38.005,-58.900144717800295,Discount
INFY,Infosys Ltd,Information Technology,IT Services,35.99,8.97,1112279.92,1.808627454139422,63.63,-43.43862957724344,Discount
SBILIFE,SBI Life Insurance Company Ltd,Financials,Life Insurance,69.98,9.48,886097.71,-0.23688132542403253,34.24,104.38084112149532,Caution
INDUSINDBK,IndusInd Bank Ltd,Financials,Private Banks,8.99,3.7,1807433.12,-0.9664534641259643,34.24,-73.74415887850468,Discount
IOC,"Indian Oil Corporation
",Energy,Oil & Gas Refining,28.61,4.24,1418164.33,2.794810104975634,44.915,-36.30190359568073,Discount
SHREECEM,Shree Cement Ltd,Materials,Cement,25.87,1.21,3154358.33,0.06115348347250073,55.62,-53.487953973390866,Discount
GRASIM,Grasim Industries Ltd,Industrials,Diversified Industrials,79.35,5.68,478951.82,-7.063967310949983,47.155,68.27483829922593,Caution
SBIN,State Bank of India,Financials,Public Sector Banks,54.93,2.72,2400436.05,0.7563625783740417,34.24,60.426401869158866,Caution
NTPC,NTPC Ltd,Energy,Power & Utilities,30.8,5.24,907823.11,0.9521678733206076,44.915,-31.426026939775127,Discount
NHPC,"NHPC Ltd
",Energy,Power & Utilities,71.17,13.74,1740404.25,0.05573417784977254,44.915,58.45485917844818,Caution
TRENT,Trent Ltd,Consumer Discretionary,Retail,8.65,11.82,571322.04,0.14720244295143942,38.005,-77.23983686357059,Discount
ONGC,Oil & Natural Gas Corpn Ltd,Energy,Oil & Gas Exploration,18.15,10.36,390111.05,10.781545408672736,44.915,-59.59033730379606,Discount
ABB,Abbott India Ltd,Industrials,Capital Goods,75.58,4.48,1536236.24,0.051880041574855706,47.155,60.27992789735976,Caution
HINDUNILVR,"Hindustan Unilever Ltd
",Consumer Staples,FMCG,34.51,11.88,548890.59,1.8482736240750641,50.95,-32.26692836113838,Discount
ICICIPRULI,ICICI Prudential Life Insurance Company Ltd,Financials,Life Insurance,20.83,12.38,1596987.55,0.006574879059013327,34.24,-39.164719626168235,Discount
BPCL,Bharat Petroleum Corporation Ltd,Energy,Oil & Gas Refining,68.15,0.72,468662.13,5.422883218663305,44.915,51.731047534231344,Caution
BOSCHLTD,Bosch Ltd,Consumer Discretionary,Auto Ancillaries,58.43,6.47,2599556.05,0.05908701218425355,38.005,53.7429285620313,Caution
BHEL,"Bharat Heavy Electricals Limited
",Industrials,Capital Goods,29.8,11.43,540053.85,-0.4410671269170658,47.155,-36.804156505142615,Discount
TATAPOWER,"Tata Power Company Ltd
",Energy,Power & Utilities,14.5,3.48,1647269.48,0.2166615750083587,44.915,-67.71679839697205,Discount
TATAMOTORS,Tata Motors Ltd,Consumer Discretionary,Automobiles,67.07,0.93,1504106.64,3.000651602734764,38.005,76.47677937113535,Caution
DMART,Avenue Supermarts Ltd,Consumer Discretionary,Retail,72.53,11.71,3053088.97,0.00910553222430331,38.005,90.84331009077752,Caution
CHOLAFIN,Cholamandalam Investment & Finance Company Ltd,Financials,Consumer Finance,16.79,10.36,971931.96,-3.9650923712808046,34.24,-50.96378504672898,Discount
JSWENERGY,JSW Energy Ltd,Energy,Power & Utilities,24.79,9.88,110870.53,-1.7705336124937798,44.915,-44.80685739730602,Discount
DRREDDY,Dr Reddys Laboratories Ltd,Healthcare,Pharmaceuticals,11.73,10.19,2441803.28,0.020845250072724943,47.06,-75.07437314067148,Discount
IRCTC,Indian Railway Catering & Tourism Corporation Ltd,Consumer Discretionary,Travel & Tourism,60.44,5.74,1258520.29,0.05299874823631171,38.005,59.03170635442703,Caution
IRFC,Indian Railway Finance Corporation Ltd,Financials,Speciality Finance,9.81,3.91,2618348.58,0.3019460457018293,34.24,-71.34929906542055,Discount
COALINDIA,Coal India Ltd,Materials,Mining & Metals,34.27,14.75,454024.84,2.9991751112119767,55.62,-38.38547285149226,Discount
GODREJCP,Godrej Consumer Products Ltd,Consumer Staples,Personal Products,33.59,8.07,1327797.2,-0.10280184353453976,50.95,-34.072620215897935,Discount
LT,Larsen & Toubro Ltd,Industrials,Engineering & Construction,30.8,2.48,1124597.5,1.8179837675257147,47.155,-34.68349061605344,Discount
BEL,Bharat Electronics Ltd,Industrials,Defence Electronics,17.89,9.22,1354781.06,-0.09337302073000636,47.155,-62.06128724419467,Discount
TITAN,"Titan Company Ltd
",Consumer Discretionary,Gems & Jewellery,10.13,10.51,1793769.72,0.0839572651499547,38.005,-73.34561241941849,Discount
PNB,Punjab National Bank,Financials,Public Sector Banks,19.29,10.91,1825925.6,-1.6126067787208855,34.24,-43.6623831775701,Discount
PIDILITIND,Pidilite Industries Ltd,Materials,Specialty Chemicals,36.12,12.3,162274.18,0.588510137595519,55.62,-35.059331175836036,Discount
M&M,"Mahindra & Mahindra Ltd
",Consumer Discretionary,Automobiles,14.22,0.81,4173085.48,-0.2694648852484086,38.005,-62.58387054334956,Discount
BANKBARODA,Bank of Baroda,Financials,Public Sector Banks,16.89,4.15,590971.02,-1.279081332956056,34.24,-50.671728971962615,Discount
BAJFINANCE,Bajaj Finance Ltd,Financials,Consumer Finance,69.2,4.11,2473271.58,-3.2317922805711454,34.24,102.10280373831775,Caution
BAJAJFINSV,Bajaj Finserv Ltd,Financials,Diversified Financials,15.07,6.08,1905112.17,-4.180016339930263,34.24,-55.987149532710276,Discount
MARUTI,Maruti Suzuki India Ltd,Consumer Discretionary,Automobiles,20.78,8.26,1503863.63,0.3282212496887102,38.005,-45.3229838179187,Discount
MOTHERSON,Samvardhana Motherson International Ltd,Consumer Discretionary,Auto Ancillaries,9.54,2.38,146151.16,0.6329063689949501,38.005,-74.89803973161426,Discount
NAUKRI,Info Edge (India) Ltd,Communication Services,Internet & Platforms,32.88,8.33,563824.44,-0.026604025891463663,48.33,-31.967721911855985,Discount
INDIGO,Interglobe Aviation Ltd,Consumer Discretionary,Airlines,76.23,7.87,1040632.92,0.9056027172386589,38.005,100.57887120115774,Caution
